id,document,metadata
921890ff-3a8a-43b6-9dd1-bd209911e471,Artificial intelligence is transforming how businesses operate across industries.,"{""source"": ""research_paper"", ""author"": ""Dr. Alex Johnson"", ""year"": 2023, ""keywords_str"": ""AI, business, transformation""}"
50cbea78-a245-4620-9015-ca3c4767a7a4,Climate change poses significant risks to global food security and agricultural systems.,"{""source"": ""journal_article"", ""author"": ""Maria Rodriguez"", ""year"": 2022, ""keywords_str"": ""climate change, food security, agriculture""}"
fa6e27d7-5eba-477f-af5a-9f5073cf4094,Quantum computing may revolutionize cryptography and threaten current encryption standards.,"{""source"": ""conference_paper"", ""author"": ""Dr. Sam Chen"", ""year"": 2023, ""keywords_str"": ""quantum computing, cryptography, encryption""}"
e7578392-1153-4fb1-9e5b-f8efd465e49c,Renewable energy investments reached a record high in the past fiscal year.,"{""source"": ""financial_report"", ""author"": ""Green Energy Institute"", ""year"": 2024, ""keywords_str"": ""renewable energy, investments, finance""}"
cac99e7e-d62d-4495-9d75-c42144dcd211,Machine learning models can detect early signs of medical conditions from patient data.,"{""source"": ""medical_journal"", ""author"": ""Dr. Lisa Brown"", ""year"": 2023, ""keywords_str"": ""machine learning, healthcare, diagnostics""}"
467189ac-9bb2-4c26-8a02-a1ffc1731114,Digital privacy concerns are increasing with the rise of facial recognition technology.,"{""source"": ""tech_blog"", ""author"": ""Privacy Watch"", ""year"": 2023, ""keywords_str"": ""privacy, facial recognition, technology""}"
97762d82-3324-4582-8948-43c01a87dbb7,Space exploration missions plan to establish a permanent lunar base within the decade.,"{""source"": ""space_agency_report"", ""author"": ""International Space Consortium"", ""year"": 2024, ""keywords_str"": ""space exploration, lunar base, astronomy""}"
aa082520-4d38-4600-95ab-c61b5a538ff2,Blockchain technology is being applied to supply chain management to improve transparency.,"{""source"": ""industry_whitepaper"", ""author"": ""Tech Solutions Inc."", ""year"": 2023, ""keywords_str"": ""blockchain, supply chain, transparency""}"
82585a24-0132-472d-a34c-fadd4dfedb9f,Urban planning strategies are adapting to accommodate autonomous vehicles.,"{""source"": ""urban_studies_journal"", ""author"": ""City Planning Institute"", ""year"": 2023, ""keywords_str"": ""urban planning, autonomous vehicles, infrastructure""}"
1bdf6924-c1ff-4b0f-a7df-016ab4d6a563,Genetic editing techniques show promise for treating previously incurable diseases.,"{""source"": ""biotech_research"", ""author"": ""Dr. Emma Watson"", ""year"": 2024, ""keywords_str"": ""genetic editing, CRISPR, medical research""}"
